Season,State,Area,Production,Annual_Rainfall,Fertilizer,Pesticide,Yield
Rabi       ,Assam,84698,110054,2051.4,8060708.66,26256.38,1.25952381
Rabi       ,Karnataka,250698,118512,1266.7,23858928.66,77716.38,0.548333333
Rabi       ,Meghalaya,4287,6894,3818.2,407993.79,1328.97,1.385
Rabi       ,West Bengal,367374,810480,1852.9,34962983.58,113885.94,1.886666667
Rabi       ,Assam,89591,90509,2354.4,8851590.8,25981.39,0.999545455
Rabi       ,Karnataka,268981,219433,1260.8,26575322.8,78004.49,0.848823529
Rabi       ,Meghalaya,4287,6998,6552.7,423555.6,1243.23,1.605
Rabi       ,West Bengal,367472,778090,2152.5,36306233.6,106566.88,1.870555556
Rabi       ,Assam,76310,97583,2201.8,8098780.3,20603.7,1.256818182
Rabi       ,West Bengal,364155,850778,2318.1,38647770.15,98321.85,2.096666667
Rabi       ,Andhra Pradesh,14261,8121,935.6,1400002.37,3707.86,0.581818182
Rabi       ,Assam,70301,85695,1965.5,6901449.17,18278.26,1.175909091
Rabi       ,Karnataka,266310,249880,1213.3,26143652.7,69240.6,0.93375
Rabi       ,Meghalaya,4215,6892,6258.8,413786.55,1095.9,1.395
Rabi       ,West Bengal,426000,1057610,1907.7,41820420,110760,2.330555556
Rabi       ,Andhra Pradesh,13793,9486,928.4,1408679.09,3586.18,0.6275
Rabi       ,Assam,72245,85300,1824.7,7378381.85,18783.7,1.185217391
Rabi       ,Karnataka,260486,198822,1002.9,26603435.18,67726.36,0.777333333
Rabi       ,Meghalaya,2753,4812,4241,281163.89,715.78,1.455
Rabi       ,West Bengal,434004,961533,1556.6,44324828.52,112841.04,2.109444444
Rabi       ,Andhra Pradesh,11044,14898,648.1,1045535.48,2761,1.09
Rabi       ,Assam,69061,77952,1973.6,6538004.87,17265.25,1.152272727
Rabi       ,West Bengal,405350,887437,1629.1,38374484.5,101337.5,1.992777778
Rabi       ,Andhra Pradesh,11928,6741,826,1180633.44,2862.72,0.481818182
Rabi       ,Assam,69954,73186,2213.7,6924046.92,16788.96,1.040909091
Rabi       ,Karnataka,231994,96150,867.6,22962766.12,55678.56,0.516428571
Rabi       ,Meghalaya,862,1540,3321.3,85320.76,206.88,1.49
Rabi       ,West Bengal,425721,985686,1526.7,42137864.58,102173.04,2.194444444
Rabi       ,Karnataka,241991,206296,1117.7,26217304.94,50818.11,0.845333333
Rabi       ,Meghalaya,863,1564,4767.9,93497.42,181.23,1.156666667
Rabi       ,Andhra Pradesh,11109,8891,1075.5,1332191.28,2332.89,0.774
Rabi       ,Assam,49961,53735,2184.6,5991323.12,10491.81,1.084230769
Rabi       ,Karnataka,252588,226369,1316.2,30290352.96,53043.48,0.880714286
Rabi       ,Meghalaya,670,1198,3374.4,80346.4,140.7,1.306666667
Rabi       ,West Bengal,366729,773514,1650.1,43978141.68,77013.09,1.953333333
Rabi       ,Meghalaya,656,1183,2454.7,83777.76,144.32,1.32
Rabi       ,Andhra Pradesh,10016,8796,845.2,1279143.36,2203.52,0.68
Rabi       ,Assam,59573,67413,1774.9,7608067.83,13106.06,1.134444444
Rabi       ,Karnataka,269494,223806,1146.3,34417078.74,59288.68,0.810714286
Rabi       ,West Bengal,350621,799876,1631.4,44777807.91,77136.62,2.168888889
Rabi       ,Assam,56069,70797,2154.1,7479604.6,8971.04,1.225185185
Rabi       ,Karnataka,275583,280384,1323.3,36762772.2,44093.28,1.018
Rabi       ,West Bengal,352579,917284,2007.5,47034038.6,56412.64,2.452222222
Rabi       ,Andhra Pradesh,13687,15421,944.6,1957788.48,1231.83,1.026666667
Rabi       ,Assam,50053,54551,2109.9,7159581.12,4504.77,1.045769231
Rabi       ,Karnataka,268600,257181,1164.1,38420544,24174,1.012857143
Rabi       ,Meghalaya,416,739,3114.3,59504.64,37.44,1.245
Rabi       ,West Bengal,306985,764528,1560.1,43911134.4,27628.65,2.172777778
Rabi       ,Andhra Pradesh,9872,10319,711,1538255.04,1678.24,0.95
Rabi       ,Assam,60067,65301,1727.1,9359639.94,10211.39,1.097037037
Rabi       ,Karnataka,283427,263877,1321,44163595.14,48182.59,0.919285714
Rabi       ,Meghalaya,405,718,2995.9,63107.1,68.85,1.25
Rabi       ,Assam,44772,56216,2578.5,7437076.92,10745.28,1.196666667
Rabi       ,Andhra Pradesh,10085,13143,1297,1675219.35,2420.4,1.311818182
Rabi       ,Karnataka,254755,300237,1317.7,42317353.05,61141.2,1.166470588
Rabi       ,Meghalaya,393,704,3119.7,65281.23,94.32,1.2475
Rabi       ,Assam,40194,48592,1743.4,6733298.88,13264.02,1.169615385
Rabi       ,Andhra Pradesh,8255,10914,861.9,1382877.6,2724.15,1.306666667
Rabi       ,Karnataka,225472,200932,1178.986364,37771069.44,74405.76,0.981333333
Rabi       ,Meghalaya,395,710,4083.104545,66170.4,130.35,1.34
Rabi       ,Andhra Pradesh,8000,9000,968.7,1206400,2480,1.25
Rabi       ,Assam,33984,44190,2167.5,5124787.2,10535.04,1.2508
Rabi       ,Karnataka,225274,178871,956.2,33971319.2,69834.94,0.846428571
Whole Year ,Kerala,1,0,2187.6,150.8,0.31,0
Rabi       ,Meghalaya,406,742,2945.3,61224.8,125.86,1.356666667
Rabi       ,Andhra Pradesh,348,249,1062.3,50282.52,93.96,0.68
Rabi       ,Assam,31294,40444,1797.7,4521670.06,8449.38,1.232
Rabi       ,Karnataka,209079,210041,1235.6,30209824.71,56451.33,1.068571429
Rabi       ,Meghalaya,422,789,2448.4,60974.78,113.94,1.506
Rabi       ,Andhra Pradesh,320,256,687.6,48307.2,105.6,1.02
Rabi       ,Assam,23646,28769,1899,3569600.16,7803.18,1.199615385
Rabi       ,Karnataka,197615,260093,1238.5,29831960.4,65212.95,1.289285714
Whole Year ,Kerala,1,3,3046.4,150.96,0.33,3
Rabi       ,Meghalaya,442,844,3484.4,66724.32,145.86,1.568
Rabi       ,Andhra Pradesh,164,115,940.7,25897.24,54.12,0.696666667
Rabi       ,Assam,20975,24489,2155.3,3312162.25,6921.75,1.1756
Rabi       ,Meghalaya,448,875,3870.8,70743.68,147.84,1.646
Rabi       ,Karnataka,173856,128988,1024.9,27453600.96,57372.48,0.854285714
Whole Year ,Kerala,2,3,2602.9,315.82,0.66,1.5
Rabi       ,Andhra Pradesh,33,76,890,5057.25,11.55,2.155
Rabi       ,Assam,17452,23459,2296.8,2674519,6108.2,1.2684
Rabi       ,Meghalaya,456,878,3837.1,69882,159.6,1.632
Rabi       ,Karnataka,168242,171429,1147.2,25783086.5,58884.7,0.944285714
Whole Year ,Kerala,1,1,2924.3,153.25,0.35,1
Kharif     ,Andhra Pradesh,11,8,868.2,1731.84,4.18,0.85
Rabi       ,Andhra Pradesh,38,27,868.2,5982.72,14.44,0.716666667
Rabi       ,Assam,17786,24658,2098.563636,2800227.84,6758.68,1.3388
Rabi       ,Meghalaya,460,887,4472.3,72422.4,174.8,1.636
Rabi       ,Karnataka,193338,219087,1111.7,30439134.72,73468.44,1.065333333
Whole Year ,Kerala,1,1,2664.8,157.44,0.38,1
Rabi       ,Andhra Pradesh,102,19,1220.5,16544.4,35.7,0.095
Rabi       ,Assam,16945,23693,2372.9,2748479,5930.75,1.371666667
Rabi       ,Meghalaya,462,892,5649.1,74936.4,161.7,1.638
Rabi       ,Karnataka,157525,163113,1419.1,25550555,55133.75,0.960740741
Whole Year ,Kerala,1.4,2,2989.7,227.08,0.49,1.45
Rabi       ,Andhra Pradesh,37,11,899.2,6355.12,13.69,0.155
Rabi       ,Assam,11336,14430,2084.7,1947071.36,4194.32,1.272083333
Rabi       ,Meghalaya,464,898,3844.4,79696.64,171.68,1.638
Rabi       ,Karnataka,158319,180114,1422.3,27192871.44,58578.03,1.08125
Whole Year ,Kerala,1,2,3119.2,171.76,0.37,2
Rabi       ,Odisha,5162,6360,1496.6,491267.54,1600.22,0.856666667
Rabi       ,Andhra Pradesh,11000,6000,927.5,1046870,3410,0.55375
Rabi       ,Bihar,2067610,4048699,1303.7,196774443.7,640959.1,1.811090909
Rabi       ,Gujarat,694000,1647100,798.9,66047980,215140,2.36
Rabi       ,Madhya Pradesh,4507600,7088900,1189.1,428988292,1397356,1.475681818
Rabi       ,Maharashtra,747300,670600,1156.1,71120541,231663,0.8476
Rabi       ,Mizoram,22,11,2644.2,2093.74,6.82,0.5
Rabi       ,Punjab,3300000,12715000,690.1,314061000,1023000,3.781176471
Rabi       ,Uttar Pradesh,9152928,22830886,473.9,871084157.8,2837407.68,2.416
Rabi       ,Andhra Pradesh,11500,6400,1048.3,1136200,3335,0.468888889
Rabi       ,Bihar,2121335,4403655,1332.5,209587898,615187.15,1.889272727
Rabi       ,Gujarat,705400,1702600,775.6,69693520,204566,2.425263158
Rabi       ,Haryana,2185662,8563000,687.6,215943405.6,633841.98,3.825789474
Rabi       ,Himachal Pradesh,379718,481267,1381.6,37516138.4,110118.22,1.363333333
Rabi       ,Madhya Pradesh,4577900,8179600,962.7,452296520,1327591,1.618983051
Rabi       ,Maharashtra,1015500,1308500,1314.8,100331400,294495,1.265
Rabi       ,Punjab,3338000,14460000,588.6,329794400,968020,4.298823529
Rabi       ,Tripura,1110,2100,2472.9,109668,321.9,1.9025
Rabi       ,Uttar Pradesh,9317904,23465191,743.4,920608915.2,2702192.16,2.37373494
Rabi       ,Bihar,2080847,4583515,1402.7,220840292.1,561828.69,2.113513514
Rabi       ,Gujarat,482100,1020000,458.9,51165273,130167,2.239473684
Rabi       ,Haryana,2316531,9650000,344,245853435,625463.37,4.054210526
Rabi       ,Himachal Pradesh,370587,583300,1144.9,39330398.31,100058.49,1.5775
Rabi       ,Karnataka,261275,217613,1203.8,27729115.75,70544.25,0.880555556
Rabi       ,Madhya Pradesh,4661524,8685197,1222.9,494727542.1,1258611.48,1.877777778
Rabi       ,Maharashtra,1041800,1425900,1166.5,110566234,281286,1.299655172
Rabi       ,Odisha,18540,24850,1484.3,1967650.2,5005.8,1.351333333
Rabi       ,Punjab,3388000,15910000,364.4,359568440,914760,4.651764706
Rabi       ,Uttar Pradesh,9381878,26050768,883.4,995698712.1,2533107.06,2.636419753
Rabi       ,Bihar,2067333,4437958,1207,202950080.6,537506.58,2.073513514
Rabi       ,Chhattisgarh,77844,79488,896.4,7641945.48,20239.44,1.214375
Rabi       ,Gujarat,286100,649000,379.7,28086437,74386,2.346842105
Rabi       ,Haryana,2354779,9669000,383.7,231168654.4,612242.54,3.990526316
Rabi       ,Himachal Pradesh,362660,261319,1068.4,35602332.2,94291.6,0.803333333
Rabi       ,Madhya Pradesh,3299120,4861992,723.3,323874610.4,857771.2,1.499333333
Rabi       ,Maharashtra,754200,947600,1057.8,74039814,196092,1.197
Rabi       ,Nagaland,5000,10000,1631.8,490850,1300,2.0675
Rabi       ,Odisha,8819,12904,1066,865761.23,2292.94,1.201538462
Rabi       ,Punjab,3408000,15551000,405.3,334563360,886080,4.503529412
Rabi       ,Uttar Pradesh,9239311,25168332,874.4,907023160.9,2402220.86,2.68057971
Rabi       ,Uttarakhand,377340,711036,1413.4,37043467.8,98108.4,1.550769231
Rabi       ,Bihar,2181543,4499130,1247,222800986.6,567201.18,1.977567568
Rabi       ,Chhattisgarh,97861,103480,1550,9994543.93,25443.86,1.195
Rabi       ,Gujarat,470100,1144700,666.5,48011313,122226,2.474736842
Rabi       ,Haryana,2299876,9437000,483.8,234886335.9,597967.76,3.979473684
Rabi       ,Himachal Pradesh,366518,637068,918.1,37432483.34,95294.68,1.72
Rabi       ,Madhya Pradesh,3691707,5993596,955,377034035.9,959843.82,1.654888889
Rabi       ,Maharashtra,776000,1077400,1035.8,79252880,201760,1.313793103
Rabi       ,Nagaland,6000,12350,1532,612780,1560,2.04
Rabi       ,Odisha,6976,10565,1672.5,712458.88,1813.76,1.1288
Rabi       ,Punjab,3420000,15499000,479.3,349284600,889200,4.487058824
Rabi       ,Uttar Pradesh,9255937,25498002,849.9,945308845.8,2406543.62,2.729565217
Rabi       ,Uttarakhand,375967,721618,1541.3,38397509.71,97751.42,1.616153846
Rabi       ,Bihar,2130933,4040610,1105.8,201735427.1,532733.25,1.844054054
Rabi       ,Chhattisgarh,93846,98592,1001.4,8884400.82,23461.5,1.185
Rabi       ,Gujarat,435600,856600,458.4,41238252,108900,2.185789474
Rabi       ,Haryana,2267140,9188000,353.9,214630143.8,566785,3.947894737
Rabi       ,Himachal Pradesh,359439,495558,890.8,34028090.13,89859.75,1.389166667
Rabi       ,Karnataka,246855,147748,860.8,23369762.85,61713.75,0.572142857
Rabi       ,Madhya Pradesh,3369481,4916044,800.8,318988766.3,842370.25,1.500666667
Rabi       ,Maharashtra,759800,983900,967.4,71930266,189950,1.234333333
Rabi       ,Meghalaya,2714,4745,4355.3,256934.38,678.5,1.455
Rabi       ,Nagaland,7650,15820,1536.6,724225.5,1912.5,2.0775
Rabi       ,Odisha,4627,5767,1102.8,438038.09,1156.75,1.133636364
Rabi       ,Punjab,3375000,14175000,301.8,319511250,843750,4.13
Rabi       ,Uttarakhand,374802,721653,1610.3,35482505.34,93700.5,1.650769231
Rabi       ,Jharkhand,57203.69,78365,1041.2,5415473.332,14300.9225,1.42125
Rabi       ,Bihar,2076839,3688941,1353.9,205565524.2,498441.36,1.747105263
Rabi       ,Chhattisgarh,106109,113138,1643.7,10502668.82,25466.16,1.20875
Rabi       ,Delhi,18973,82893,962.3,1877947.54,4553.52,4.37
Rabi       ,Gujarat,759500,2036500,902.5,75175310,182280,2.68875
Rabi       ,Haryana,2315496,9114000,592.3,229187794.1,555719.04,3.825789474
Rabi       ,Jharkhand,60269.7,80183,1258.3,5965494.906,14464.728,1.360909091
Rabi       ,Madhya Pradesh,4078974,7357255,1163,403736846.5,978953.76,1.797916667
Rabi       ,Maharashtra,664700,778200,1037.4,65792006,159528,1.171666667
Rabi       ,Nagaland,10000,19500,1709.8,989800,2400,1.86625
Rabi       ,Odisha,5129,7517,1648.2,507668.42,1230.96,1.377407407
Rabi       ,Punjab,3444000,14489000,451.7,340887120,826560,4.166470588
Rabi       ,Uttar Pradesh,9443104,26349910,1075.6,934678433.9,2266344.96,2.767428571
Rabi       ,Uttarakhand,383387,729653,1734.3,37947645.26,92012.88,1.525384615
Rabi       ,Andhra Pradesh,9174,4605,781.8,993911.16,1926.54,0.387272727
Rabi       ,Assam,63854,68083,2536.9,6917942.36,13409.34,1.056956522
Rabi       ,Bihar,2027643,3263385,1147.8,219674842.6,425805.03,1.569473684
Rabi       ,Chhattisgarh,99245,85215,1122.8,10752203.3,20841.45,0.963125
Rabi       ,Delhi,18695,80800,651.9,2025416.3,3925.95,4.32
Rabi       ,Gujarat,727400,1805500,719.8,78806516,152754,2.6312
Rabi       ,Haryana,2316674,9043000,484.6,250988461.2,486501.54,3.774736842
Rabi       ,Madhya Pradesh,4188248,7320042,895.7,453754788.3,879532.08,1.7075
Rabi       ,Maharashtra,755700,1016300,1052,81872538,158697,1.199666667
Rabi       ,Nagaland,8200,13000,1711.5,888388,1722,1.49125
Rabi       ,Punjab,3482000,14698000,366.4,377239880,731220,4.178823529
Rabi       ,Tripura,944,1942,2706.3,102272.96,198.24,2.0525
Rabi       ,Uttarakhand,387103,799221,1219.6,41938739.02,81291.63,1.776923077
Rabi       ,Jharkhand,57905.58,72740,1149.2,6273490.537,12160.1718,1.257727273
Rabi       ,West Bengal,400093,841471,1612.9,43346075.62,84019.53,2.104444444
Rabi       ,Bihar,2001771,2821120,907.8,240052378.3,420371.91,1.349736842
Rabi       ,Chhattisgarh,97074,85191,1292.7,11641114.08,20385.54,1.0125
Rabi       ,Delhi,18279,79404,653.1,2192017.68,3838.59,4.34
Rabi       ,Gujarat,858800,2319200,942.4,102987296,180348,2.5792
Rabi       ,Haryana,2302682,8502000,516.9,276137625.4,483563.22,3.6065
Rabi       ,Himachal Pradesh,358453,365885,1248.1,42985683.76,75275.13,1.075833333
Rabi       ,Madhya Pradesh,3772615,6192368,1032.7,452411990.8,792249.15,1.647083333
Rabi       ,Maharashtra,932800,1300700,1387.2,111861376,195888,1.329333333
Rabi       ,Nagaland,1200,1920,1568.6,143904,252,1.66125
Rabi       ,Punjab,3468000,14493000,566.7,415882560,728280,4.145294118
Rabi       ,Tripura,1750,3184,1765.9,209860,367.5,1.8325
Rabi       ,Uttarakhand,379237,642216,1353.3,45478101.04,79639.77,1.353076923
Rabi       ,Jharkhand,50326.23,51263,965.2,6035121.502,10568.5083,1.023636364
Rabi       ,Bihar,2076727,4155541,1052.8,265218805.2,456879.94,1.924324324
Rabi       ,Chhattisgarh,93213,93952,1317.2,11904232.23,20506.86,1.06
Rabi       ,Delhi,17884,77885,462.7,2283965.64,3934.48,4.36
Rabi       ,Gujarat,1072300,2791500,1056.2,136943433,235906,2.5696
Rabi       ,Haryana,2377067,10059000,329.3,303575226.6,522954.74,4.062
Rabi       ,Himachal Pradesh,362245,596493,1207,46262308.95,79693.9,1.6375
Rabi       ,Madhya Pradesh,4262382,7840446,1072.3,544348805.2,937724.04,1.73125
Rabi       ,Maharashtra,1230800,1871000,1439.4,157185468,270776,1.451666667
Rabi       ,Nagaland,1500,1250,1362.5,191565,330,0.86
Rabi       ,Punjab,3467000,14596000,569.6,442770570,762740,4.148421053
Rabi       ,Tripura,970,1845,1764.3,123878.7,213.4,1.885
Rabi       ,Uttar Pradesh,9197642,25443428,590.5,1174630860,2023481.24,2.725428571
Rabi       ,Uttarakhand,377870,796548,1178.9,48257777.7,83131.4,1.760769231
Rabi       ,Jharkhand,124418.04,163905,1465.1,15889427.89,27371.9688,1.280454545
Rabi       ,Andhra Pradesh,8000,8000,1004.2,1067200,1280,1
Rabi       ,Bihar,2131232,4977463,1600.2,284306348.8,340997.12,2.228421053
Rabi       ,Chhattisgarh,95020,104548,1246.2,12675668,15203.2,1.299444444
Rabi       ,Gujarat,1273900,3837700,1021.6,169938260,203824,2.9304
Rabi       ,Haryana,2460680,10232000,443.8,328254712,393708.8,4.036
Rabi       ,Himachal Pradesh,366592,504360,1095.4,48903372.8,58654.72,1.500833333
Rabi       ,Madhya Pradesh,4089343,6729363,740.4,545518356.2,654294.88,1.548958333
Rabi       ,Maharashtra,1252800,2371100,1257.2,167123520,200448,1.782333333
Rabi       ,Meghalaya,622,1120,4702,82974.8,99.52,1.2425
Rabi       ,Nagaland,1150,1800,1769,153410,184,1.56375
Rabi       ,Punjab,3488000,15720000,527.2,465299200,558080,4.4775
Rabi       ,Tripura,1023,1889,2831.8,136468.2,163.68,1.88
Rabi       ,Uttar Pradesh,9114880,25679089,672.9,1215924992,1458380.8,2.723571429
Rabi       ,Uttarakhand,372919,798233,1924.3,49747394.6,59667.04,1.673846154
Rabi       ,Jharkhand,54845.72,68534,1444.7,7316419.048,8775.3152,1.432727273
Rabi       ,Bihar,2158345,4413017,1197.7,308729668.8,194251.05,1.984473684
Rabi       ,Chhattisgarh,94834,97424,1117.9,13565055.36,8535.06,1.15
Rabi       ,Gujarat,1091400,2592600,746.1,156113856,98226,2.349615385
Rabi       ,Haryana,2461420,11360000,715.6,352081516.8,221527.8,4.437142857
Rabi       ,Himachal Pradesh,359961,381180,1357.1,51488821.44,32396.49,1.080833333
Rabi       ,Madhya Pradesh,3997666,7272210,895,571826144.6,359789.94,1.764
Rabi       ,Maharashtra,1021800,1516400,1052.8,146158272,91962,1.431666667
Rabi       ,Manipur,2050,5120,1134.8,293232,184.5,2.495
Rabi       ,Nagaland,1380,2070,1540.9,197395.2,124.2,1.502222222
Rabi       ,Punjab,3466000,15733000,691.3,495776640,311940,4.5035
Rabi       ,Tripura,635,1195,1827.8,90830.4,57.15,1.905
Rabi       ,Uttar Pradesh,9513039,28554178,891.6,1360745099,856173.51,2.959857143
Rabi       ,Uttarakhand,379081,770934,1363.7,54223746.24,34117.29,1.491538462
Rabi       ,Jammu and Kashmir,274022,492140,1390.1,39196106.88,24661.98,1.435714286
Rabi       ,Jharkhand,58602.34,79871,1295.2,8382478.714,5274.2106,1.43625
Rabi       ,Bihar,2116098,4403841,889.3,329730390.4,359736.66,2.076315789
Rabi       ,Chhattisgarh,109163,118923,956.9,17009778.66,18557.71,1.301764706
Rabi       ,Gujarat,878000,2351300,618,136809960,149260,2.617692308
Rabi       ,Haryana,2487756,10488000,393,387642139.9,422918.52,4.133809524
Rabi       ,Himachal Pradesh,350440,324174,969.9,54605560.8,59574.8,0.933333333
Rabi       ,Maharashtra,1080900,1740200,1002.4,168425838,183753,1.53
Rabi       ,Manipur,12000,25050,992.5,1869840,2040,2.073333333
Rabi       ,Nagaland,2010,2410,1225.9,313198.2,341.7,1.198888889
Rabi       ,Punjab,3522000,15169000,371.3,548798040,598740,4.3205
Rabi       ,Tripura,667,1323,2004.2,103931.94,113.39,1.9825
Rabi       ,Uttar Pradesh,9668152,27518022,585.8,1506491445,1643585.84,2.80915493
Rabi       ,Uttarakhand,372846,829319,847.8,58096863.72,63383.82,1.674615385
Rabi       ,Jharkhand,52510,61618,996.1,8182108.2,8926.7,1.314166667
Rabi       ,West Bengal,315888,846657,1317.2,49221668.16,53700.96,2.401764706
Whole Year ,Madhya Pradesh,4458995,8865378,904.1,694800600.9,758029.15,1.8538
Rabi       ,Bihar,2100181,5094030,629.2,348861065.9,504043.44,2.282631579
Rabi       ,Chhattisgarh,103701,121745,1283.1,17225773.11,24888.24,1.395882353
Rabi       ,Gujarat,1588600,5013400,1107.5,263882346,381264,3.0388
Rabi       ,Haryana,2503963,11578000,639.2,415933293.9,600951.12,4.483333333
Rabi       ,Himachal Pradesh,346936,534707,1319.8,57629538.96,83264.64,1.539166667
Rabi       ,Madhya Pradesh,4633125,9219781,856.3,769608393.7,1111950,1.8744
Rabi       ,Maharashtra,1306600,2300800,1389,217039326,313584,1.709333333
Rabi       ,Manipur,2100,5250,2160.5,348831,504,2.475
Rabi       ,Nagaland,3120,5340,1771.8,518263.2,748.8,1.712222222
Rabi       ,Punjab,3510000,16472000,392.7,583046100,842400,4.6485
Rabi       ,Tripura,316,637,2348.3,52490.76,75.84,2.02
Rabi       ,Uttar Pradesh,9636540,30000632,742.6,1600725659,2312769.6,3.077222222
Rabi       ,Uttarakhand,371225,882920,1419,61664184.75,89094,1.863846154
Rabi       ,Jammu and Kashmir,286777,442706,1352,47636527.47,68826.48,1.468
Rabi       ,Jharkhand,49596,54110,694.6,8238391.56,11903.04,1.091666667
Rabi       ,West Bengal,316808,874415,1096,52624976.88,76033.92,2.496666667
Rabi       ,Bihar,2141892,6530955,1097.1,358809747.8,706824.36,3.028684211
Rabi       ,Chhattisgarh,104825,135121,1302.7,17560284,34592.25,1.512
Rabi       ,Gujarat,1350600,4072100,890.5,226252512,445698,3.01
Rabi       ,Haryana,2531302,13119000,471.5409091,424043711,835329.66,5.031904762
Rabi       ,Himachal Pradesh,345182,506782,1108.3,57824888.64,113910.06,1.423333333
Rabi       ,Madhya Pradesh,5248479,14537038,852.6,879225202.1,1731998.07,2.5908
Rabi       ,Maharashtra,878100,1498800,1174.095455,147099312,289773,1.646666667
Rabi       ,Manipur,2150,5370,1533.561905,360168,709.5,2.473333333
Rabi       ,Nagaland,3150,5390,1544.354545,527688,1039.5,1.711111111
Rabi       ,Punjab,3528000,17982000,705.2,591010560,1164240,5.0675
Rabi       ,Tripura,274,536,2295.609091,45900.48,90.42,1.9375
Rabi       ,Uttar Pradesh,9731150,31892480,777.4,1630162248,3211279.5,3.253333333
Rabi       ,Uttarakhand,355549,864836,1564.7,59561568.48,117331.17,1.873076923
Rabi       ,Jharkhand,47933,73657,1374.7,8029736.16,15817.89,1.486666667
Rabi       ,West Bengal,315659,872895,1686.5,52879195.68,104167.47,2.49
Rabi       ,Bihar,2207704,6174260,924.1,332921763.2,684388.24,2.749210526
Rabi       ,Chhattisgarh,102230,143226,1366.8,15416284,31691.3,1.6104
Rabi       ,Gujarat,1023500,2944000,460.6,154343800,317285,2.9216
Rabi       ,Haryana,2496905,11117000,307.9,376533274,774040.55,4.409047619
Rabi       ,Himachal Pradesh,350121,656543,1035,52798246.8,108537.51,1.894166667
Rabi       ,Madhya Pradesh,5601025,16510524,1049.5,844634570,1736317.75,2.8566
Rabi       ,Maharashtra,785000,1198700,1003.4,118378000,243350,1.461034483
Rabi       ,Manipur,2400,6000,1176.7,361920,744,2.5
Rabi       ,Nagaland,3270,5890,1296.6,493116,1013.7,1.797777778
Rabi       ,Punjab,3517000,16614000,338.9,530363600,1090270,4.677272727
Rabi       ,Tripura,334,827,1882.2,50367.2,103.54,2.43625
Rabi       ,Uttar Pradesh,9733617,31332434,746.3,1467829444,3017421.27,3.2492
Rabi       ,Uttarakhand,349669,853769,1309.8,52730085.2,108397.39,1.954615385
Rabi       ,Jharkhand,69336,128571,1102,10455868.8,21494.16,1.663333333
Rabi       ,West Bengal,321572,895927,1566,48493057.6,99687.32,2.555
Rabi       ,Bihar,2148818,6134679,1069.9,310482712.8,580180.86,2.835
Rabi       ,Chhattisgarh,105033,140756,1418.3,15176218.17,28358.91,1.5332
Rabi       ,Gujarat,1442288,4607993,1006.5,208396193.1,389417.76,3.072
Rabi       ,Haryana,2499000,11800000,452.2,361080510,674730,4.623809524
Rabi       ,Himachal Pradesh,415665,324283,1216.9,60059435.85,112229.55,0.786666667
Rabi       ,Madhya Pradesh,6123044,15722722,1451.4,884718627.6,1653221.88,2.538431373
Rabi       ,Maharashtra,1028200,1480000,1409.8,148564618,277614,1.462413793
Rabi       ,Manipur,2160,5400,1428.8,312098.4,583.2,2.495
Rabi       ,Nagaland,3000,5470,1350.9,433470,810,1.824444444
Rabi       ,Punjab,3512000,17620000,586.6,507448880,948240,4.936818182
Rabi       ,Telangana,7039,4366,1348.7,1017065.11,1900.53,0.74
Rabi       ,Tripura,150,300,2043.5,21673.5,40.5,1.93375
Rabi       ,Uttar Pradesh,9839197,31492656,995.2,1421665575,2656583.19,3.2156
Rabi       ,Uttarakhand,343637,848134,1735.4,49652110.13,92781.99,1.978461538
Rabi       ,Jharkhand,73527,106208,1253.6,10623916.23,19852.29,1.550416667
Rabi       ,West Bengal,331481,927837,1939.9,47895689.69,89499.87,2.538888889
Rabi       ,Bihar,2154423,3570211,1061,325231696.1,710959.59,1.676315789
Rabi       ,Chhattisgarh,103195,153321,1274.7,15578317.2,34054.35,1.745384615
Rabi       ,Gujarat,1171449,3293487,605.6,176841941,386578.17,2.8178125
Rabi       ,Haryana,2628000,10457000,301.3,396722880,867240,3.782857143
Rabi       ,Himachal Pradesh,345548,639209,1019.9,52163926.08,114030.84,1.846666667
Rabi       ,Madhya Pradesh,5999000,18463000,891.2,905609040,1979670,2.904705882
Rabi       ,Maharashtra,1067300,1307700,1001.6,161119608,352209,1.20137931
Rabi       ,Manipur,2160,5620,987.5,326073.6,712.8,2.631666667
Rabi       ,Nagaland,3070,5600,1333.3,463447.2,1013.1,1.823333333
Rabi       ,Punjab,3505000,15050000,382.7,529114800,1156650,4.174090909
Rabi       ,Telangana,5828,6929,746.4,879794.88,1923.24,1.156
Rabi       ,Tripura,135,304,2015.7,20379.6,44.55,2.21375
Rabi       ,Uttar Pradesh,9846466,20054791,616.4,1486422507,3249333.78,2.065466667
Rabi       ,Uttarakhand,343879,662026,1287.4,51911973.84,113480.07,1.543076923
Rabi       ,Jharkhand,63741,96435,1156.6,9622341.36,21034.53,1.46625
Winter     ,Jharkhand,23515,42516,1156.6,3549824.4,7759.95,1.436428571
Rabi       ,West Bengal,334640,939254,1483.5,50517254.4,110431.2,2.615
Rabi       ,Bihar,2110750,4736448,874,333308532.5,696547.5,2.312631579
Rabi       ,Chhattisgarh,105785,142329,1136,16704509.35,34909.05,1.522
Rabi       ,Gujarat,857696,2315849,584.3,135438775.4,283039.68,2.6759375
Rabi       ,Haryana,2576000,11350000,426.8,406776160,850080,4.252857143
Rabi       ,Himachal Pradesh,342675,602287,1223.2,54111809.25,113082.75,1.605
Rabi       ,Madhya Pradesh,5914000,18408000,1000.7,933879740,1951620,2.961372549
Rabi       ,Maharashtra,910854,981351,875.7,143832955.1,300581.82,1.0278125
Rabi       ,Manipur,2250,5620,1329.1,355297.5,742.5,2.503333333
Rabi       ,Nagaland,3250,5950,1308.3,513207.5,1072.5,1.828888889
Rabi       ,Punjab,3508000,16077000,512.6,553948280,1157640,4.552272727
Rabi       ,Telangana,4952,16902,747.9,781970.32,1634.16,2.9475
Rabi       ,Tripura,182,407,2334.4,28739.62,60.06,2.221428571
Rabi       ,Uttar Pradesh,9644838,26874361,596.7,1523016369,3182796.54,2.768
Rabi       ,Uttarakhand,342650,790370,1247.6,54107861.5,113074.5,1.675384615
Rabi       ,Jharkhand,71027,113701,1085.6,11215873.57,23438.91,1.456666667
Rabi       ,West Bengal,339851,788503,1717,53665871.41,112150.83,2.191111111
Rabi       ,Arunachal Pradesh,3910,7700,2933.7,599207.5,1368.5,2.105
Rabi       ,Bihar,2105811,5985841,1205.6,322715535.8,737033.85,2.781315789
Rabi       ,Chhattisgarh,102114,151078,1298.9,15648970.5,35739.9,1.660769231
Rabi       ,Gujarat,999370,2757755,710.5,153153452.5,349779.5,2.7428125
Rabi       ,Haryana,2542100,12310000,554.7,389576825,889735,4.744761905
Rabi       ,Himachal Pradesh,325910,331303,1373.9,49945707.5,114068.5,1.0275
Rabi       ,Madhya Pradesh,6423000,21916000,1048.4,984324750,2248050,3.294509804
Rabi       ,Maharashtra,1272006,2214012,1151.1,194934919.5,445202.1,1.73483871
Rabi       ,Manipur,2250,5620,2039.8,344812.5,787.5,2.503333333
Rabi       ,Nagaland,3380,6220,1959.8,517985,1183,1.838888889
Rabi       ,Punjab,3495000,17636000,635.9,535608750,1223250,4.975
Rabi       ,Telangana,5409,7413,942.6,828929.25,1893.15,1.223571429
Rabi       ,Tripura,200,460,2475.3,30650,70,2.25625
Rabi       ,Uttar Pradesh,9884913,34971381,965.3,1514862917,3459719.55,3.558666667
Rabi       ,Uttarakhand,339572,891700,1580.9,52039409,118850.2,1.962307692
Rabi       ,Jharkhand,112109,226854,1296.3,17180704.25,39238.15,2.145416667
Rabi       ,West Bengal,321621,862712,1795.8,49288418.25,112567.35,2.394545455
Rabi       ,Arunachal Pradesh,3930,7742,2745.5,618739.2,1493.4,2.102
Rabi       ,Bihar,2101311,6104303,1112,330830403.8,798498.18,2.866315789
Rabi       ,Chhattisgarh,102195,141642,1124.5,16089580.8,38834.1,1.497692308
Rabi       ,Gujarat,1058778,3101037,814.8,166694008.3,402335.64,2.926666667
Rabi       ,Haryana,2530500,12265100,417.1,398401920,961590,4.705454545
Rabi       ,Himachal Pradesh,342675,603587,1182.2,53950752,130216.5,1.608333333
Rabi       ,Jharkhand,220963,468754,1165.7,34788414.72,83965.94,2.164583333
Rabi       ,Madhya Pradesh,5802980,20019950,800,913621171.2,2205132.4,3.345882353
Rabi       ,Maharashtra,1137731.5,1884842,1129.5,179124447.4,432337.97,1.505483871
Rabi       ,Manipur,2250,5620,1780,354240,855,2.503333333
Rabi       ,Nagaland,3410,6260,1722.1,536870.4,1295.8,1.834444444
Rabi       ,Punjab,3512000,17830000,497.5,552929280,1334560,5.013181818
Kharif     ,Telangana,2,2,815.7,314.88,0.76,1
Rabi       ,Telangana,4156,5771,815.7,654320.64,1579.28,1.429
Rabi       ,Tripura,195,396,3326.8,30700.8,74.1,2.025
Rabi       ,Uttar Pradesh,9752941,35645666,652.1,1535503031,3706117.58,3.649866667
Rabi       ,Uttarakhand,330401,929884,1475.8,52018333.44,125552.38,2.100769231
Rabi       ,West Bengal,117360,362744,1830,18477158.4,44596.8,2.676666667
Rabi       ,Arunachal Pradesh,3930,7742,2992.9,637446,1375.5,2.151818182
Rabi       ,Bihar,2156652,6465905,1521.4,349808954.4,754828.2,2.959473684
Rabi       ,Chhattisgarh,99925,166979,1515.5,16207835,34973.75,1.792692308
Rabi       ,Gujarat,797156,2407132,1125.4,129298703.2,279004.6,3.0109375
Rabi       ,Haryana,2553100,12573000,533.2,414112820,893585,4.825
Rabi       ,Himachal Pradesh,319002,564634,1052.2,51742124.4,111650.7,1.594166667
Rabi       ,Jharkhand,163847,302559,1222.7,26575983.4,57346.45,1.921666667
Rabi       ,Madhya Pradesh,7721549,25276038,1102.2,1252435248,2702542.15,3.141764706
Rabi       ,Maharashtra,834423.25,1249407,1387.4,135343451.1,292048.1375,1.388666667
Rabi       ,Manipur,2290,5730,1196.9,371438,801.5,2.395555556
Rabi       ,Nagaland,3420,6260,1372.7,554724,1197,1.83
Rabi       ,Punjab,3520000,18262000,585.5,570944000,1232000,5.068636364
Rabi       ,Telangana,4844,9093,1350.3,785696.8,1695.4,1.807
Rabi       ,Tripura,157,332,2169.1,25465.4,54.95,2.08625
Rabi       ,Uttar Pradesh,9855900,38039724,792.8,1598626980,3449565,3.8556
Rabi       ,Uttarakhand,307452,927657,1373,49868714.4,107608.2,2.349230769
Rabi       ,West Bengal,112147,337751,2012.6,18190243.4,39251.45,2.483
Rabi       ,Arunachal Pradesh,3930,7742,2433.3,675016.8,1454.1,2.168333333
Rabi       ,Bihar,2150180,5579348,1194.7,369314916.8,795566.6,2.569473684
Rabi       ,Chhattisgarh,116274,135888,1420.3,19971222.24,43021.38,1.336538462
Rabi       ,Gujarat,1393487,4553681,1067.8,239345327.1,515590.19,3.1434375
Rabi       ,Haryana,2533800,11876900,351.8,435205488,937506,4.618181818
Rabi       ,Himachal Pradesh,319098,619689,1217.7,54808272.48,118066.26,1.7575
Rabi       ,Jharkhand,214780,439401,1137.8,36890612.8,79468.6,2.055
Rabi       ,Madhya Pradesh,10216517,37507219,1446.7,1754788960,3780111.29,3.519423077
Rabi       ,Maharashtra,1056965,1793440,1555.8,181544308.4,391077.05,1.564
Rabi       ,Nagaland,3430,6280,1593,589136.8,1269.1,1.831111111
Summer     ,Odisha,118,164,1593.9,20267.68,43.66,1.495
Rabi       ,Punjab,3521000,17619000,653.2,604766960,1302770,4.892272727
Kharif     ,Telangana,1,0,1031.7,171.76,0.37,0
Rabi       ,Telangana,4471,8237,1031.7,767938.96,1654.27,1.798461538
Rabi       ,Tripura,148,331,2252.8,25420.48,54.76,2.228333333
Rabi       ,Uttar Pradesh,9852504,36209665,814.5,1692266087,3645426.48,3.688533333
Rabi       ,Uttarakhand,303283,887440,1378.9,52091888.08,112214.71,2.376923077
Rabi       ,West Bengal,188308,509970,1733.4,32343782.08,69673.96,2.647619048
Rabi       ,Uttarakhand,297189,937003,1313.947826,57538762.29,109959.93,2.216153846
Rabi       ,Haryana,2057000,7528000,661.2,195764690,637670,3.607368421
Rabi       ,Delhi,31037,107729,784.5,3066455.6,9000.73,3.47
Rabi       ,Andhra Pradesh,13515,9056,650.4,1434346.95,3649.05,0.658181818
Rabi       ,Delhi,33505,122058,365.9,3555885.65,9046.35,3.64
Rabi       ,Delhi,27836,97927,544.3,2732660.12,7237.36,3.52
Rabi       ,Jammu and Kashmir,276815,145060,989.5,27174928.55,71971.9,0.820833333
Rabi       ,Delhi,26114,91660,611.9,2667022.82,6789.64,3.51
Rabi       ,Jammu and Kashmir,255514,339390,953.8,26095644.82,66433.64,1.418333333
Rabi       ,Delhi,19860,79718,593.6,1880146.2,4965,4.01
Rabi       ,Jammu and Kashmir,244157,401900,933.2,23114343.19,61039.25,1.465
Rabi       ,Uttar Pradesh,9162749,23745162,664,867437447.8,2290687.25,2.558550725
Rabi       ,Himachal Pradesh,365359,496930,1112.6,36163233.82,87686.16,1.3625
Rabi       ,Jammu and Kashmir,250282,455540,1430.3,24772912.36,60067.68,1.513333333
Rabi       ,Himachal Pradesh,367770,687452,939.2,39844201.8,77231.7,1.843333333
Rabi       ,Jammu and Kashmir,248613,474415,1032.1,26934732.42,52208.73,1.814545455
Summer     ,Odisha,4054,5313,1290.4,439210.36,851.34,1.266071429
Rabi       ,Uttar Pradesh,9373402,23430044,704,1015514373,1968414.42,2.471714286
Kharif     ,Jammu and Kashmir,436,60,1721.8,52285.12,91.56,0.14
Rabi       ,Jammu and Kashmir,436,60,1721.8,52285.12,91.56,0.14
Rabi       ,Uttar Pradesh,9163949,23573776,751.9,1098940764,1924429.29,2.538142857
Rabi       ,Jammu and Kashmir,261584,494300,1786.5,33406892.64,57548.48,1.821818182
Rabi       ,Delhi,17482,76222,677.5,2332098.8,2797.12,4.36
Kharif     ,Jammu and Kashmir,20,2,1042.2,2668,3.2,0.12
Rabi       ,Jammu and Kashmir,261584,494300,1042.2,34895305.6,41853.44,1.762666667
Rabi       ,Delhi,18430,80355,614.6,2636227.2,1658.7,4.36
Rabi       ,Delhi,21309,92480,528.4,3320368.38,3622.53,4.34
Rabi       ,Jammu and Kashmir,284644,286143,751.7,44353228.08,48389.48,1.167142857
Rabi       ,Delhi,20135,87385,989.5,3344624.85,4832.4,4.34
Rabi       ,Delhi,18927,82142,641.3954545,3170651.04,6245.91,4.34
Rabi       ,Jammu and Kashmir,291994,496542,887.6,48914834.88,96358.02,1.423571429
Rabi       ,Delhi,19450,84802,451.9,2933060,6029.5,4.36
Rabi       ,Jammu and Kashmir,289964,462422,1116.7,43726571.2,89888.84,1.328461538
Rabi       ,Delhi,19450,86498,706.8,2810330.5,5251.5,4.45
Rabi       ,Delhi,19360,85558,416.4,2922585.6,6388.8,4.42
Rabi       ,Delhi,19050,83419,757.7,3008185.5,6286.5,4.38
Rabi       ,Jammu and Kashmir,281870,544889,1572.6,44510091.7,93017.1,1.332857143
Rabi       ,Delhi,19622,87182,747.1,3007071.5,6867.7,4.44
Rabi       ,Jammu and Kashmir,290301,548542,902.8,44488628.25,101605.35,1.416428571
Rabi       ,Delhi,19671,83419,533.7,3097002.24,7474.98,4.24
Rabi       ,Jammu and Kashmir,299336,640196,1279.1,47127459.84,113747.68,1.645
Rabi       ,Delhi,19220,82876,678.5,3117484,6727,4.31
Rabi       ,Jammu and Kashmir,288387,671799,1016.3,46776371.4,100935.45,1.687142857
Rabi       ,Delhi,19228,82905,546.9,3302601.28,7114.36,4.31
Rabi       ,Jammu and Kashmir,243929,488297,1324.1,41897245.04,90253.73,1.6575
Rabi       ,Sikkim,8090,14200,2804.1,769925.3,2507.9,1.755
Rabi       ,Sikkim,7941,6416,3183.8,784570.8,2302.89,0.79
Rabi       ,Sikkim,8100,12849,2678.5,859653,2187,1.5725
Rabi       ,Sikkim,7215,10103,2504.8,708296.55,1875.9,1.3725
Rabi       ,Sikkim,8710,10485,2372.5,889552.3,2264.6,1.12
Rabi       ,Sikkim,8330,10400,2496.2,788601.1,2082.5,1.2075
Rabi       ,Sikkim,6805,8686,2838.1,673558.9,1633.2,1.21
Rabi       ,Sikkim,5740,8250,1650.5,621871.6,1205.4,1.39
Rabi       ,Sikkim,5740,9250,2041.6,688340.8,1205.4,1.5525
Rabi       ,Sikkim,6380,10360,2270.2,814789.8,1403.6,1.57
Rabi       ,Sikkim,4460,4460,2003.4,594964,713.6,1
Rabi       ,Sikkim,3900,3500,2247.5,557856,351,0.8825
Rabi       ,Sikkim,5200,4720,2176.6,810264,884,0.93
Rabi       ,Sikkim,2650,2710,2527,440191.5,636,1.03
Rabi       ,Sikkim,2500,2650,2585.486364,418800,825,1.065
Rabi       ,Sikkim,520,550,3006.9,78416,161.2,1.0475
Rabi       ,Jammu and Kashmir,292380,464577,1193.8,42245986.2,78942.6,1.27
Rabi       ,Sikkim,360,385,2567.6,52016.4,97.2,1.03
Rabi       ,Sikkim,390,420,2627,58874.4,128.7,1.05
Rabi       ,Sikkim,323,346,2949.1,51004.93,106.59,1.0375
Rabi       ,Sikkim,265,286,2971.6,40611.25,92.75,1.046666667
Rabi       ,Sikkim,172,185,2873.6,27079.68,65.36,1.03
Rabi       ,Sikkim,163,176,3350.1,26438.6,57.05,1.04
Rabi       ,Sikkim,165,178,2740,28340.4,61.05,1.035
Rabi       ,Mizoram,55,48,2640.7,5434,15.95,1.09
Rabi       ,Mizoram,43,38,2535.9,4563.59,11.61,0.88
Rabi       ,Tripura,1250,2400,2147.4,132662.5,337.5,2.005
Rabi       ,Tripura,1065,2230,2437.5,104551.05,276.9,2.095
Rabi       ,Tripura,1220,2455,2284.4,124598.6,317.2,2.015
Rabi       ,Tripura,919,1827,2579.8,87001.73,229.75,2.0025
Rabi       ,Tripura,895,1810,2487.9,88587.1,214.8,2.0275
Rabi       ,Mizoram,3,4,2640.8,325.02,0.63,1.33
Rabi       ,Arunachal Pradesh,3660,4395,3616.7,361608,1061.4,1.166666667
Rabi       ,Arunachal Pradesh,3896,5069,2338.6,413482.48,1051.92,1.374166667
Rabi       ,Arunachal Pradesh,4397,6226,2157.7,431653.49,1143.22,1.374166667
Rabi       ,Arunachal Pradesh,3805,5341,2128.5,388604.65,989.3,1.4325
Rabi       ,Arunachal Pradesh,4114,6250,2832.8,389472.38,1028.5,1.481538462
Rabi       ,Arunachal Pradesh,4150,6320,2782.2,410767,996,1.511818182
Rabi       ,Arunachal Pradesh,4278,6652,2939.5,463478.52,898.38,1.549230769
Rabi       ,Arunachal Pradesh,3976,6140,2767,476801.92,834.96,1.589166667
Rabi       ,Arunachal Pradesh,3979,6301,1940,508158.09,875.38,1.668461538
Rabi       ,Arunachal Pradesh,3558,5294,3223.9,474637.2,569.28,1.579230769
Rabi       ,Arunachal Pradesh,3278,5169,2244.4,468885.12,295.02,1.57
Rabi       ,Arunachal Pradesh,3170,4770,1701.9,493949.4,538.9,1.59
Rabi       ,Arunachal Pradesh,3699,5872,2574.1,614440.89,887.76,1.647
Rabi       ,Arunachal Pradesh,3700,6500,2193.7,619824,1221,1.818
Rabi       ,Arunachal Pradesh,2937,4401,2760.7,442899.6,910.47,1.73
Rabi       ,Arunachal Pradesh,2960,4470,2042.9,427690.4,799.2,1.73
Rabi       ,Arunachal Pradesh,3800,7500,2403.2,573648,1254,2.454444444
Rabi       ,Arunachal Pradesh,3910,7700,2593.2,617428.1,1290.3,2.105
Rabi       ,Arunachal Pradesh,3785,5475,2274.9,360218.45,1173.35,1.5925
Summer     ,Odisha,3868,4441,1357.1,382158.4,1121.72,1.108
Summer     ,Odisha,3276,4486,1503.4,392857.92,687.96,1.2124
Summer     ,Odisha,3913,5802,1716.9,499729.23,860.86,1.303076923
Summer     ,Odisha,5548,8721,1633.8,740103.2,887.68,1.398
Summer     ,Odisha,5267,7386,1539,753391.68,474.03,1.3836
Summer     ,Odisha,3994,5782,1330.3,622345.08,678.98,1.3456
Summer     ,Odisha,2857,4176,1291.9,474576.27,685.68,1.3396
Summer     ,Odisha,1461,2396,1346.2,244746.72,482.13,1.39
Summer     ,Odisha,1039,1974,1430.2,156681.2,322.09,1.622857143
Summer     ,Odisha,678,1069,1632.4,97964.22,183.06,1.665555556
Summer     ,Odisha,403,658,1536.9,60836.88,132.99,1.440625
Summer     ,Odisha,367,494,1210.1,57952.97,121.11,1.2675
Summer     ,Odisha,57,80,1460.5,8735.25,19.95,0.95
Summer     ,Odisha,73,158,1344.4,11493.12,27.74,2.387142857
Summer     ,Odisha,147,268,1635.9,23843.4,51.45,1.825
Rabi       ,Nagaland,1000,3000,1498,98800,290,3
Rabi       ,Jammu and Kashmir,239344,392160,1356.2,22778368.48,74196.64,1.261818182
